model,error1,error2,error3,error4,error5
model 3,4.3428571428571425,4.4,3.9714285714285715,4.3428571428571425,2.142857142857143
model 4,5.5,5.125,3.71875,5.65625,1.9375
model 2,20.705882352941178,20.352941176470587,18.647058823529413,11.352941176470589,7.0588235294117645
model 1,20.625,20.25,16.4375,12.5625,6.1875
