model,comp1,comp2,comp3,comp4
model 3,0.9428571428571428,1.3142857142857143,1.9428571428571428,1.2
model 4,0.9375,1.28125,1.96875,1.0625
model 2,4.0,5.235294117647059,0.0,3.764705882352941
model 1,3.8125,5.1875,0.0,2.4375
